Model,Accuracy (%),Time (s)
kNN,68.8,0.002135594685872396
LR,72.39999999999999,0.005949576695760091
